{
  "departments": [
    {
      "name": "Amazonas",
      "municipalities": ["Leticia", "El Encanto", "La Chorrera", "La Pedrera", "La Victoria", "Miriti - Paraná", "Puerto Alegría", "Puerto Arica", "Puerto Nariño", "Puerto Santander", "Tarapacá"]
    },
    {
      "name": "Antioquia",
      "municipalities": ["Medellín", "Bello", "Itagüí", "Envigado", "Sabaneta", "La Estrella", "Caldas", "Copacabana", "Girardota", "Barbosa", "Rionegro", "Marinilla", "El Retiro", "Guarne", "San Vicente", "Concepción", "Alejandría", "Santo Domingo", "Granada", "El Santuario", "La Ceja", "Carmen de Viboral", "Guatapé", "San Rafael", "San Carlos", "Puerto Berrío", "Maceo", "Caracolí", "Puerto Nare", "Puerto Triunfo", "Yondó", "Remedios", "Segovia", "Zaragoza", "El Bagre", "Caucasia", "Nechí", "Tarazá", "Cáceres", "Valdivia", "Anorí", "Cisneros", "Yolombó", "Vegachí", "Campamento", "Angostura", "Yarumal", "Santa Rosa de Osos", "Entrerríos", "Don Matías", "San Pedro de los Milagros", "Belmira", "San José de la Montaña", "San Andrés de Cuerquia", "Angostura", "Gómez Plata", "Carolina del Príncipe", "Cisneros", "Yolombó", "Vegachí", "Campamento", "Angostura", "Yarumal", "Santa Rosa de Osos", "Entrerríos", "Don Matías", "San Pedro de los Milagros", "Belmira", "San José de la Montaña", "San Andrés de Cuerquia", "Gómez Plata", "Carolina del Príncipe"]
    },
    {
      "name": "Arauca",
      "municipalities": ["Arauca", "Arauquita", "Cravo Norte", "Fortul", "Puerto Rondón", "Saravena", "Tame"]
    },
    {
      "name": "Atlántico",
      "municipalities": ["Barranquilla", "Soledad", "Malambo", "Sabanagrande", "Palmar de Varela", "Ponedera", "Galapa", "Tubará", "Usiacurí", "Baranoa", "Puerto Colombia", "Tubará", "Usiacurí", "Baranoa", "Puerto Colombia"]
    },
    {
      "name": "Bolívar",
      "municipalities": ["Cartagena", "Magangué", "Turbaco", "Arjona", "Mahates", "San Pablo", "Santa Rosa", "Villanueva", "San Jacinto", "Morales", "Río Viejo", "San Juan Nepomuceno", "María la Baja", "Córdoba", "El Carmen de Bolívar", "San Jacinto del Cauca", "Simití", "Tiquisio", "Regidor", "Río Viejo", "San Pablo", "Santa Rosa", "Villanueva", "San Jacinto", "Morales", "Río Viejo", "San Juan Nepomuceno", "María la Baja", "Córdoba", "El Carmen de Bolívar", "San Jacinto del Cauca", "Simití", "Tiquisio", "Regidor"]
    },
    {
      "name": "Boyacá",
      "municipalities": ["Tunja", "Duitama", "Sogamoso", "Chiquinquirá", "Villa de Leyva", "Paipa", "Nobsa", "Sáchica", "Ráquira", "Tinjacá", "Sutamarchán", "Villa de Leyva", "Sáchica", "Ráquira", "Tinjacá", "Sutamarchán"]
    },
    {
      "name": "Caldas",
      "municipalities": ["Manizales", "La Dorada", "Riosucio", "Anserma", "Supía", "Pensilvania", "Marquetalia", "Manzanares", "Pensilvania", "Marquetalia", "Manzanares"]
    },
    {
      "name": "Caquetá",
      "municipalities": ["Florencia", "San Vicente del Caguán", "El Doncello", "El Paujil", "La Montañita", "Puerto Rico", "La Macarena", "Vista Hermosa", "Mesetas", "Uribe", "La Macarena", "Vista Hermosa", "Mesetas", "Uribe"]
    },
    {
      "name": "Casanare",
      "municipalities": ["Yopal", "Aguazul", "Tauramena", "Recetor", "Chameza", "Hato Corozal", "La Salina", "Maní", "Monterrey", "Nunchía", "Orocué", "Paz de Ariporo", "Pore", "Sabanalarga", "Sácama", "San Luis de Palenque", "Támara", "Tauramena", "Trinidad", "Villanueva"]
    },
    {
      "name": "Cauca",
      "municipalities": ["Popayán", "Santander de Quilichao", "Puerto Tejada", "Villa Rica", "Miranda", "Corinto", "Caloto", "Jambaló", "Toribío", "Silvia", "Totoró", "Inzá", "Páez", "Belalcázar", "Pitalito", "La Plata", "La Vega", "San Sebastián", "Rosas", "Sotará", "Timbío", "Totoró", "Inzá", "Páez", "Belalcázar", "Pitalito", "La Plata", "La Vega", "San Sebastián", "Rosas", "Sotará", "Timbío"]
    },
    {
      "name": "Cesar",
      "municipalities": ["Valledupar", "Aguachica", "Codazzi", "La Paz", "San Diego", "Curumaní", "Chiriguaná", "El Copey", "El Paso", "La Gloria", "Manaure", "Pailitas", "Pelaya", "Pueblo Bello", "Río de Oro", "San Alberto", "San Martín", "Tamalameque"]
    },
    {
      "name": "Chocó",
      "municipalities": ["Quibdó", "Acandí", "Alto Baudó", "Atrato", "Bagadó", "Bahía Solano", "Bajo Baudó", "Bojayá", "El Cantón del San Pablo", "Carmen del Darién", "Cértegui", "Condoto", "El Carmen de Atrato", "El Litoral del San Juan", "Istmina", "Juradó", "Lloró", "Medio Atrato", "Medio Baudó", "Medio San Juan", "Nóvita", "Nuquí", "Río Iró", "Río Quito", "Riosucio", "San José del Palmar", "Sipí", "Unguía"]
    },
    {
      "name": "Córdoba",
      "municipalities": ["Montería", "Cereté", "Ciénaga de Oro", "Cotorra", "Lorica", "Momil", "Montelíbano", "Planeta Rica", "Pueblo Nuevo", "Puerto Escondido", "Purísima", "Sahagún", "San Andrés Sotavento", "San Antero", "San Bernardo del Viento", "San Carlos", "San José de Uré", "San Pelayo", "Tierralta", "Tuchín", "Valencia"]
    },
    {
      "name": "Cundinamarca",
      "municipalities": ["Bogotá", "Soacha", "Chía", "Zipaquirá", "Facatativá", "Girardot", "Fusagasugá", "Sibaté", "Mosquera", "Madrid", "Funza", "Cajicá", "Sopó", "Tabio", "Tenjo", "Gachancipá", "Bojacá", "El Rosal", "Subachoque", "Zipacón", "La Calera", "Choachí", "Ubaque", "Fosca", "Quetame", "Guayabal de Síquima", "San Antonio del Tequendama", "Tena", "Viotá", "Apulo", "Nilo", "Ricaurte", "Tocaima", "Agua de Dios", "Carmen de Carupa", "Cucunubá", "Fúquene", "Guachetá", "Lenguazaque", "Simijaca", "Susa", "Sutatausa", "Tausa", "Ubaté", "Villa Gómez", "Villa Pinzón", "Yacopí", "Arbeláez", "Cabrera", "Fusagasugá", "Granada", "Pandi", "Pasca", "San Bernardo", "Silvania", "Tibacuy", "Venecia", "Anapoima", "Anolaima", "Apulo", "Cachipay", "El Colegio", "La Mesa", "Quipile", "San Antonio del Tequendama", "Tena", "Viotá"]
    },
    {
      "name": "Guainía",
      "municipalities": ["Inírida", "Barranco Minas", "Mapiripana", "San Felipe", "Puerto Colombia", "La Guadalupe", "Cacahual", "Pana Pana", "Morichal"]
    },
    {
      "name": "Guaviare",
      "municipalities": ["San José del Guaviare", "Calamar", "El Retorno", "Miraflores"]
    },
    {
      "name": "Huila",
      "municipalities": ["Neiva", "Pitalito", "Garzón", "La Plata", "Campoalegre", "Rivera", "Palermo", "Aipe", "Algeciras", "Altamira", "Baraya", "Colombia", "Elías", "Gigante", "Guadalupe", "Hobo", "Íquira", "Isnos", "La Argentina", "Nátaga", "Oporapa", "Paicol", "Palestina", "Pital", "Saladoblanco", "San Agustín", "Santa María", "Suaza", "Tarqui", "Tesalia", "Timaná", "Villavieja", "Yaguará"]
    },
    {
      "name": "La Guajira",
      "municipalities": ["Riohacha", "Maicao", "Uribia", "Manaure", "San Juan del Cesar", "Villanueva", "El Molino", "Fonseca", "Barrancas", "Distracción", "Hatonuevo", "La Jagua del Pilar", "Urumita", "Albania", "Dibulla", "La Paz"]
    },
    {
      "name": "Magdalena",
      "municipalities": ["Santa Marta", "Ciénaga", "Fundación", "Aracataca", "El Retén", "Zona Bananera", "Algarrobo", "Ariguaní", "Cerro San Antonio", "Chivolo", "Concordia", "El Banco", "El Piñón", "El Retén", "Guamal", "Nueva Granada", "Pedraza", "Pijiño del Carmen", "Pivijay", "Plato", "Puebloviejo", "Remolino", "Sabanas de San Ángel", "Salamina", "San Sebastián de Buenavista", "San Zenón", "Santa Ana", "Santa Bárbara de Pinto", "Sitionuevo", "Tenerife", "Zapayán"]
    },
    {
      "name": "Meta",
      "municipalities": ["Villavicencio", "Acacías", "Barranca de Upía", "Cabuyaro", "Castilla la Nueva", "Cubarral", "Cumaral", "El Calvario", "El Castillo", "El Dorado", "Fuente de Oro", "Granada", "Guamal", "La Macarena", "La Uribe", "Lejanías", "Mesetas", "Puerto Gaitán", "Puerto Lleras", "Puerto López", "Puerto Rico", "Restrepo", "San Carlos de Guaroa", "San Juan de Arama", "San Juanito", "San Martín", "Vista Hermosa"]
    },
    {
      "name": "Nariño",
      "municipalities": ["Pasto", "Tumaco", "Ipiales", "Túquerres", "Samaniego", "La Unión", "Sandoná", "Consacá", "Yacuanquer", "Funes", "Imués", "Ospina", "Potosí", "Puerres", "Contadero", "Córdoba", "Cuaspud", "Gualmatán", "Iles", "Aldana", "Carlosama", "Cumbal", "Guachucal", "Mallama", "Pupiales", "Ricaurte", "Ancuyá", "Arboleda", "Barbacoas", "Colón", "Cumbitara", "El Charco", "El Peñol", "El Rosario", "Francisco Pizarro", "La Florida", "La Llanada", "La Tola", "La Unión", "Leiva", "Linares", "Los Andes", "Magüí", "Mallama", "Mosquera", "Nariño", "Olaya Herrera", "Policarpa", "Providencia", "Roberto Payán", "Santa Bárbara", "Santacruz", "Sapuyes", "Taminango", "Tangua", "San Andrés de Tumaco"]
    },
    {
      "name": "Norte de Santander",
      "municipalities": ["Cúcuta", "Ocaña", "Pamplona", "Villa del Rosario", "Los Patios", "El Zulia", "San Cayetano", "Villa Caro", "Sardinata", "El Tarra", "Tibú", "Hacarí", "La Esperanza", "La Playa", "Ocaña", "Pamplona", "Pamplonita", "Puerto Santander", "Ragonvalia", "Salazar", "San Calixto", "Santiago", "Santo Domingo", "Sardinata", "Teorama", "Tibú", "Toledo", "Villa Caro", "Villa del Rosario"]
    },
    {
      "name": "Putumayo",
      "municipalities": ["Mocoa", "Puerto Asís", "Orito", "Valle del Guamuez", "San Miguel", "Santiago", "Sibundoy", "Colón", "Leguízamo", "Puerto Caicedo", "Puerto Guzmán", "Villagarzón"]
    },
    {
      "name": "Quindío",
      "municipalities": ["Armenia", "Calarcá", "La Tebaida", "Montenegro", "Quimbaya", "Circasia", "Filandia", "Genova", "La Tebaida", "Montenegro", "Pijao", "Quimbaya", "Salento", "Córdoba", "Buenavista", "Córdoba"]
    },
    {
      "name": "Risaralda",
      "municipalities": ["Pereira", "Dosquebradas", "Santa Rosa de Cabal", "La Virginia", "Cartago", "Apía", "Balboa", "Belén de Umbría", "Chinchiná", "Guática", "La Celia", "La Virginia", "Marsella", "Mistrató", "Pueblo Rico", "Quinchía", "San José", "Santuario"]
    },
    {
      "name": "San Andrés y Providencia",
      "municipalities": ["San Andrés", "Providencia"]
    },
    {
      "name": "Santander",
      "municipalities": ["Bucaramanga", "Floridablanca", "Girón", "Piedecuesta", "Barrancabermeja", "San Gil", "Socorro", "Barbosa", "Bolívar", "Cabrera", "California", "Capitanejo", "Carcasí", "Cepitá", "Cerrito", "Charalá", "Charta", "Chima", "Chipatá", "Cimitarra", "Concepción", "Confines", "Contratación", "Coromoro", "Curití", "El Carmen de Chucurí", "El Guacamayo", "El Peñón", "El Playón", "Encino", "Enciso", "Florián", "Galán", "Gámbita", "Guaca", "Guadalupe", "Guapotá", "Guavatá", "Güepsa", "Hato", "Jesús María", "Jordán", "La Belleza", "La Paz", "Landázuri", "Lebríja", "Los Santos", "Macaravita", "Matanza", "Mogotes", "Molagavita", "Ocamonte", "Oiba", "Onzaga", "Palmar", "Palmas del Socorro", "Páramo", "Pinchote", "Puente Nacional", "Puerto Parra", "Puerto Wilches", "Rionegro", "Sabana de Torres", "San Andrés", "San Benito", "San Gil", "San Joaquín", "San José de Miranda", "San Miguel", "San Vicente de Chucurí", "Santa Bárbara", "Santa Helena del Opón", "Simacota", "Socorro", "Suaita", "Sucre", "Suratá", "Tona", "Valle de San José", "Vélez", "Vetas", "Villanueva", "Zapatoca"]
    },
    {
      "name": "Sucre",
      "municipalities": ["Sincelejo", "Corozal", "Sampués", "Coveñas", "Tolú", "San Onofre", "Morroa", "Los Palmitos", "Chalán", "Colosó", "Galeras", "Guaranda", "La Unión", "Majagual", "Ovejas", "Palmito", "Sampués", "San Benito Abad", "San Juan de Betulia", "San Marcos", "San Pedro", "Santiago de Tolú", "Sincelejo", "Sucre", "Tolú", "Tolú Viejo"]
    },
    {
      "name": "Tolima",
      "municipalities": ["Ibagué", "Espinal", "Girardot", "Melgar", "Flandes", "Guamo", "Piedras", "Purificación", "Saldaña", "Suárez", "Valle de San Juan", "Alpujarra", "Alvarado", "Ambalema", "Anzoátegui", "Armero", "Ataco", "Cajamarca", "Carmen de Apicalá", "Casabianca", "Chaparral", "Coello", "Coyaima", "Cunday", "Dolores", "Falan", "Flandes", "Fresno", "Guamo", "Herveo", "Honda", "Icononzo", "Lérida", "Líbano", "Mariquita", "Melgar", "Murillo", "Natagaima", "Ortega", "Palocabildo", "Piedras", "Planadas", "Prado", "Purificación", "Rioblanco", "Roncesvalles", "Rovira", "Saldaña", "San Antonio", "San Luis", "Santa Isabel", "Suárez", "Valle de San Juan", "Venadillo", "Villahermosa", "Villarrica"]
    },
    {
      "name": "Valle del Cauca",
      "municipalities": ["Cali", "Palmira", "Buenaventura", "Tuluá", "Cartago", "Buga", "Yumbo", "Ginebra", "Guacarí", "Restrepo", "La Cumbre", "Yotoco", "Ginebra", "Guacarí", "Restrepo", "La Cumbre", "Yotoco"]
    },
    {
      "name": "Vaupés",
      "municipalities": ["Mitú", "Carurú", "Pacoa", "Taraira", "Yavaraté"]
    },
    {
      "name": "Vichada",
      "municipalities": ["Puerto Carreño", "La Primavera", "Santa Rosalía", "Cumaribo"]
    }
  ]
}
